Paper,Previous_status,Updated_status,Official_resource_URL,Resource_type,Weights_status,Data_access_status,Dataset_or_resource,Checked_revision,Checked_date,Note
Towards Streaming Synchronized Spatial Audio Generation via Autoregressive Diffusion Transformer,NOT_INDEXED,OFFICIAL_CODE_VERIFIED,https://github.com/MM-Speech/SwanSphere,GitHub,Not released at check; repository TODO lists model checkpoints.,Training/evaluation datasets not released at check; repository TODO lists them.,Spatial audio generation from panoramic video and text; dataset release pending.,0158f8dfdd82be09bba5d2d3808f5db141573318,2026-09-18,"README exact paper title; initial code released, checkpoints/data still on TODO."
Beyond Genre: Diagnosing Bias in Music Embeddings Using Concept Activation Vectors,NOT_INDEXED,OFFICIAL_CODE_VERIFIED,https://github.com/WhoCares96/CAV-MIR,GitHub,Uses pretrained embedding models; no paper-specific model checkpoint required for the CAV analysis.,STraDa metadata/access instructions plus supplementary annotations are provided.,STraDa Singer Traits Dataset + 251 manually annotated songs.,ec96d4109a9397876966e0de37511cf27d6332e4,2026-09-18,README explicitly labels this the official implementation of the ISMIR 2025 paper.
METEOR,NOT_INDEXED,OFFICIAL_CODE_VERIFIED,https://github.com/dinhviettoanle/meteor,GitHub,Yes — trained checkpoint linked on Hugging Face.,Custom-data preprocessing is released; original training-data redistribution status was not re-audited.,Symbolic orchestral MIDI/re-orchestration data; preprocessing pipeline released.,409d5b9684ac25ed9e65ead6fa15b3ac68460033,2026-09-18,"Official METEOR code with setup, training, generation and checkpoint link."
AI-Generated Song Detection via Lyrics Transcripts,NOT_INDEXED,OFFICIAL_CODE_VERIFIED,https://github.com/deezer/robust-AI-lyrics-detection,GitHub,Depends on public transcription/feature backbones; paper-specific detector artifacts are produced by the released pipeline.,Dataset JSON schema and evaluation scenarios are documented; underlying music access depends on source datasets/platforms.,Real/generated/half-fake songs; Suno/Udio generalization and audio perturbation scenarios.,84e8d15a43e74383ad5c8c37d5602d5bdb518749,2026-09-18,Deezer repository says it reproduces both the ACL 2025 Double Entendre and ISMIR 2025 lyrics-transcript detection experiments.
Visual Piano Transcription,NOT_INDEXED,OFFICIAL_CODE_VERIFIED,https://github.com/Chromeilion/ppan,GitHub,Model weights are included/linked through the official project resources.,Official project releases the R3 piano performance dataset resources.,"R3: synchronized piano video, MIDI and audio; about 31 hours described by the project.",9af195969013ca1ef9bba0d7afd487e382bd7c2c,2026-09-18,The paper title is 'Pay Attention to the Keys: Visual Piano Transcription Using Transformers'; official project Code link points to Chromeilion/ppan.
SCNet: Sparse Compression Network for Music Source Separation,NOT_INDEXED,OFFICIAL_CODE_VERIFIED,https://github.com/starrytong/SCNet,GitHub,Yes — MUSDB-trained SCNet and SCNet-large checkpoints linked.,MUSDB dataset path is expected; dataset follows its own access terms.,MUSDB for music source separation.,5d95bf96b19c3eede63248d171efeca8e3abb948,2026-09-18,README explicitly identifies this repository as the official SCNet implementation.
FreeSVC,NOT_INDEXED,OFFICIAL_CODE_VERIFIED,https://github.com/freds0/free-svc,GitHub,Yes — official Hugging Face release plus required public backbone resources.,Uses multiple public/research speech and singing datasets with their own terms.,"AISHELL-1/3, CML-TTS, HiFiTTS, JVS, LibriTTS-R, NHSS, OpenSinger, Opencpop, PopBuTFy, POPCS, VCTK, VocalSet.",79fb57361287c52fa1b7900517a98e40a241d3d3,2026-09-18,README states this is the official code implementation of FreeSVC [ICASSP 2025].
Compose with Me,NOT_INDEXED,OFFICIAL_CODE_VERIFIED,https://github.com/hu-music/compose_with_me,GitHub,Yes — model checkpoints are linked from the repository.,Bread Dataset and Lakh MIDI Dataset links are provided.,Bread MIDI Dataset + Lakh MIDI Dataset.,52a748810f7a83a33e30c2bef90b05301f558656,2026-09-18,README states it contains the code for the AAAI 2025 paper 'Compose with Me: Collaborative Music Inpainter for Symbolic Music Infilling'.
Aria-MIDI: A Dataset of MIDI Files for Symbolic Music Modeling,NOT_INDEXED,OFFICIAL_DATASET_REPO_VERIFIED,https://github.com/loubbrad/aria-midi,GitHub,Not applicable — dataset release.,"Yes — full, pruned, deduped and unique subsets on Hugging Face.","Aria-MIDI: 1,186,253 MIDI files; ~100,629 h of transcribed solo-piano recordings.",24cd6d37d0dff4d63d1818f4da7b86ac53497064,2026-09-18,Official dataset repository; preprocessing/transcription utilities are also linked.
