System,Area,Repo,Resource_URL,Locked_SHA,Head_Date,Lock_Checked_Date,Code_Status,Weights_Status,Dataset_Status
Muse: Towards Reproducible Long-Form Song Generation with Fine-Grained Style Control,Editing / control,yuhui1038/Muse,https://github.com/yuhui1038/Muse,dbc22f83eac3e3e3a6bd44eba2e1c774588c5ff1,2026-04-11T07:20:15Z,2026-09-17,OFFICIAL_CODE_LOCKED,Yes,Yes
YuE: Scaling Open Foundation Models for Long-Form Music Generation,Generation,multimodal-art-projection/YuE,https://github.com/multimodal-art-projection/YuE,bd90e4ccae671d869b3ecaca6d7e893927d29442,2026-09-17T01:49:59Z,2026-09-17,OFFICIAL_CODE_LOCKED,Yes,No / training corpus not fully open
DiffRhythm 2: Efficient And High Fidelity Song Generation Via Block Flow Matching,Generation,xiaomi-research/diffrhythm2,https://github.com/xiaomi-research/diffrhythm2,13a7b091f45124f611e36ee674973234f38d55b6,2025-11-06T02:00:39Z,2026-09-17,ECOSYSTEM_ONLY,Yes — official released weights,Not strict-training reproducible yet
AudioX: A Unified Framework for Anything-to-Audio Generation,Multimodal,ZeyueT/AudioX,https://github.com/ZeyueT/AudioX,3bdfb7081636b9e62224039e37dadaa264dc781f,2026-03-10T14:09:01Z,2026-09-17,OFFICIAL_CODE_LOCKED,"Yes — official HF checkpoints for AudioX, AudioX-MAF and AudioX-MAF-MMDiT",IF-caps release/access status remains incomplete relative to model checkpoints; do not mark strict data reproduction as complete
BeatEdit: Symbolic Music Generation as Explicit Editing,Editing / control,Haoyu-Gu/BeatEdit-code,https://github.com/Haoyu-Gu/BeatEdit-code,dc5e6a869bcf464f33270eac035feda9b6f782eb,2026-09-08T02:05:11Z,2026-09-17,OFFICIAL_CODE_LOCKED,Repo includes reproduction structure; checkpoint population depends on release state,Datasets downloadable/convertible
MusicMagus: Zero-Shot Text-to-Music Editing via Diffusion Models,Editing / control,ldzhangyx/MusicMagus,https://github.com/ldzhangyx/MusicMagus,ef69ef6955a963955015c05e3a021a6b31f80b16,2024-09-11T11:15:28Z,2026-09-17,OFFICIAL_CODE_LOCKED,Unknown / not yet verified,Unknown / not yet verified
CMI-Bench: A Comprehensive Benchmark for Evaluating Music Instruction Following,Music understanding / Music-LM,nicolaus625/CMI-bench,https://github.com/nicolaus625/CMI-bench,1623c2f7aee85c38cd3c7beff34f6aebdc02a291,2025-06-24T20:46:04Z,2026-09-17,OFFICIAL_CODE_LOCKED,Uses open-weight evaluated models,Yes for benchmark assembly; underlying source-dataset licenses differ
DeepResonance: Enhancing Multimodal Music Understanding via Music-centric Multi-way Instruction Tuning,Music understanding / Music-LM,sony/DeepResonance,https://github.com/sony/DeepResonance,6a4d2196562bd9e72a4a58635a6b496241f5410a,2025-12-26T11:54:28Z,2026-09-17,OFFICIAL_CODE_LOCKED,Unknown / not yet verified,Unknown / not yet verified
When Audio and Text Disagree: Revealing Text Bias in Large Audio-Language Models,Music understanding / Music-LM,WangCheng0116/MCR-BENCH,https://github.com/WangCheng0116/MCR-BENCH,448a3f26d2b282b0f6b2439274de46997ee2d21d,2025-09-11T16:15:32Z,2026-09-17,OFFICIAL_CODE_LOCKED,Unknown / not yet verified,Unknown / not yet verified
WildScore: Benchmarking MLLMs in-the-Wild Symbolic Music Reasoning,Music understanding / Music-LM,GaganVM/WildScore,https://github.com/GaganVM/WildScore,24025c4a5876faa1ccae0b706606462abb50b24a,2025-08-30T21:34:07Z,2026-09-17,OFFICIAL_CODE_LOCKED,,Dataset release status in paper
Jamendo-MT-QA: A Benchmark for Multi-Track Comparative Music Question Answering,Music understanding / Music-LM,MAAP-LAB/Jamendo-MT-QA,https://github.com/MAAP-LAB/Jamendo-MT-QA,49735add63136ddd997ee53ed9c0404e60ece42b,2026-05-10T09:03:53Z,2026-09-17,OFFICIAL_CODE_LOCKED,Uses open/closed benchmarked models depending experiment,Creative-Commons Jamendo-derived benchmark; release terms/source track availability must be respected
BEAT: Tokenizing and Generating Symbolic Music by Uniform Temporal Steps,Representation / codec,Lekai-Qian/BEAT-code,https://github.com/Lekai-Qian/BEAT-code,1902b46cdd566747021ab6b2032d478bf8ac3508,2026-08-05T15:58:16Z,2026-09-17,OFFICIAL_CODE_LOCKED,Yes — pretrained checkpoint archive released; repo provides SHA-256,"Yes/mostly: official repo provides a 169,283-piece v3-deduplicated MusicXML collection and LMD conversion scripts; underlying source licenses still apply."
PHALAR: Phasors for Learned Musical Audio Representations,Representation / codec,gladia-research-group/phalar,https://github.com/gladia-research-group/phalar,4a333999d60a0abce6524521fa4892d87bcc3c3d,2026-05-08T08:50:47Z,2026-09-17,OFFICIAL_CODE_LOCKED,Weights/project assets reported,Evaluation data substantially public
ALMTokenizer: A Low-bitrate and Semantic-rich Audio Codec Tokenizer for Audio Language Modeling,Representation / codec,yangdongchao/ALMTokenizer,https://github.com/yangdongchao/ALMTokenizer,62875d6181ba58bf6e8f6a60082460c2079710b0,2025-04-14T08:45:34Z,2026-09-17,OFFICIAL_CODE_LOCKED,Weights status to verify,Mixed
Separate Anything You Describe,Separation / restoration / production,Audio-AGI/AudioSep,https://github.com/Audio-AGI/AudioSep,944583f18b84589dc965de3ad77525c945334252,2024-11-26T20:33:39Z,2026-09-17,OFFICIAL_CODE_LOCKED,Yes,Several evaluation datasets public; training mixture/data details mixed
SonicMaster: Towards Controllable All-in-One Music Restoration and Mastering,Separation / restoration / production,AMAAI-Lab/SonicMaster,https://github.com/AMAAI-Lab/SonicMaster,ab32b2d456e461b6bbc188d666caf2eabefa2f31,2026-09-16T05:51:58Z,2026-09-17,OFFICIAL_CODE_LOCKED,Yes / repo model assets available,Base music public; degradation pipeline public
LLM2Fx-Tools: Tool Calling For Music Post-Production,Separation / restoration / production,SonyResearch/LLM2Fx,https://github.com/SonyResearch/LLM2Fx,55883b10b105c0e286a23bb2f990c7e4cfd9aef0,2026-03-31T13:58:43Z,2026-09-17,OFFICIAL_CODE_LOCKED,Checkpoint/release completeness still to be pinned; code/resources public,LP-Fx resources linked by project/repository; exact audio redistribution and generated-dialogue terms must be checked before strict reproduction
MusicDET: Zero-Shot AI-Generated Music Detection,Evaluation / robustness,Chaolei98/MusicDET,https://github.com/Chaolei98/MusicDET,087a758955a638dca68ef0dcbb81107fce48d60f,2026-09-01T07:33:52Z,2026-09-17,OFFICIAL_CODE_LOCKED,Backbones public (e.g. MERT / wav2vec variants); no complete official MusicDET detector checkpoint was found in checked repo.,Evaluation uses public/generated-music benchmark sources; some training CSV/resources are separately linked.
CMI-RewardBench: Evaluating Music Reward Models with Compositional Multimodal Instruction,Evaluation / robustness,Haiwen-Xia/CMI-RewardBench,https://github.com/Haiwen-Xia/CMI-RewardBench,9235ef5c34106b63669958adfaa2eab61bd0e2cd,2026-05-21T11:37:04Z,2026-09-17,OFFICIAL_CODE_LOCKED,Yes,Yes
Instruct-MusicGen: Unlocking Text-to-Music Editing for Music Language Models via Instruction Tuning,Evaluation / robustness,ldzhangyx/instruct-MusicGen,https://github.com/ldzhangyx/instruct-MusicGen,037c2da2458dc07a745ff7ddbef15a3a28082b4c,2026-01-14T00:03:59Z,2026-09-17,OFFICIAL_CODE_LOCKED,Community/retrained checkpoint public; note repo says it is not Sony official,Slakh public
