Paper,Venue,Year,Evidence_Domain,Persistent_ID,Exact_Paper_URL,Resource_URL,Code_Status,Weights,Dataset_public,Dataset,Source_Checked_Date,Source_Lock_Status
Controllable Video-to-Music Generation with Multiple Time-Varying Conditions,ACM MM,2025,Multimodal,DOI:10.1145/3746027.3755656; arXiv:2507.20627,https://doi.org/10.1145/3746027.3755656,https://kita-wjx.github.io/MCV2M/,OFFICIAL_CODE_LOCKED,Unknown / not yet verified,Unknown / not yet verified,Not yet verified,2026-09-07,LOCKED
GVMGen: A General Video-to-Music Generation Model with Hierarchical Attentions,AAAI,2025,Multimodal,DOI:10.1609/aaai.v39i21.34474; arXiv:2501.09972,https://ojs.aaai.org/index.php/AAAI/article/view/34474,https://github.com/chouliuzuo/GVMGen,OFFICIAL_CODE_LOCKED,Unknown / not yet verified,Unknown / not yet verified,Large-scale diverse video-music pair dataset introduced in paper.,2026-09-07,LOCKED
MusFlow: Multimodal Music Generation via Conditional Flow Matching,ACM MM,2025,Multimodal,DOI:10.1145/3746027.3755482; arXiv:2504.13535,https://doi.org/10.1145/3746027.3755482,https://musflow.github.io/,PROJECT_PAGE_RELEASE_STATUS_PARTIAL,Unknown / not yet verified,Unknown / not yet verified,"MMusSet: image, story text, music caption and music quadruples constructed with an annotation pipeline.",2026-09-07,LOCKED
Spatial-Temporal Decomposition and Alignment in Controllable Video-to-Music Generation,ACM MM,2025,Multimodal,DOI:10.1145/3746027.3755523,https://doi.org/10.1145/3746027.3755523,https://github.com/chouliuzuo/ControllableV2M,OFFICIAL_CODE_LOCKED,,,,2026-09-07,LOCKED
AudioX: A Unified Framework for Anything-to-Audio Generation,ICLR,2026,Multimodal,ICLR2026:AudioX; arXiv:2503.10522,https://arxiv.org/abs/2503.10522,https://github.com/ZeyueT/AudioX,OFFICIAL_CODE_LOCKED,"Yes — official HF checkpoints for AudioX, AudioX-MAF and AudioX-MAF-MMDiT",IF-caps release/access status remains incomplete relative to model checkpoints; do not mark strict data reproduction as complete,IF-caps: >7M multimodal-conditioned samples in the current ICLR 2026 repository description,2026-09-07,LOCKED
ControlFoley: Unified and Controllable Video-to-Audio Generation with Cross-Modal Conflict Handling,ACM MM,2026,Multimodal,arXiv:2604.15086,https://arxiv.org/abs/2604.15086v2,https://github.com/xiaomi-research/controlfoley,OFFICIAL_CODE_LOCKED,Unknown / not yet verified,Unknown / not yet verified,VGGSound-TVC conflict benchmark plus V2A/control evaluation sets.,2026-09-07,LOCKED
FoleyBench: A Benchmark For Video-to-Audio Models,ICASSP,2026,Multimodal,arXiv:2511.13219,https://arxiv.org/abs/2511.13219,https://huggingface.co/datasets/FoleyBench/foleybench,OFFICIAL_BENCHMARK_DATASET_VERIFIED_2026-09-18,Not applicable — benchmark dataset.,"Yes, gated; CC BY-NC-SA 4.0 and academic-research conditions.","FoleyBench: 5,000 video-audio-text triplets; FoleyBench-Long: 650 30-second videos.",2026-09-18,
MMAudioSep: Taming Video-to-Audio Generative Model Towards Video/Text-Queried Sound Separation,ICASSP,2026,Multimodal,DOI:10.1109/ICASSP55912.2026.11462711; arXiv:2510.09065,https://doi.org/10.1109/ICASSP55912.2026.11462711,https://github.com/sony/mmaudiosep,OFFICIAL_CODE_LOCKED,Not verified,Pending,Pending,2026-09-07,LOCKED
SALSA-V: Shortcut-Augmented Long-form Synchronized Audio from Videos,ICML,2026,Multimodal,arXiv:2510.02916,https://arxiv.org/abs/2510.02916,https://github.com/ETH-DISCO/SALSA-V,OFFICIAL_CODE_LOCKED,Unknown / not yet verified,Unknown / not yet verified,Not yet verified,2026-09-07,LOCKED
